event_id,title,Artist_name,description,category,audience,tags,date_start,doors_open_time,date_end,time_start,duration_min,venue_name,venue_address,localidad,city,lat,lon,price_min_cop,price_max_cop,is_free,age_min,organizer_name,source_name,source_url,image_url
MED-2025-002,Ryan Castro – Sendé World Tour,Ryan Castro,El cantante colombiano presenta su tour mundial 'Sendé'.,musica,jóvenes,"urbano,reggaetón,trap",31/10/25,19:30,31/10/25,19:30,180,Coliseo MedPlus,"Calle 80 Km 1.5, vía a Cota, Bogotá",El Rosal,Bogotá,4.738086,-74.132268,100000,600000,FALSE,18+,Stage Eventos,Ticketmaster,https://www.taquillalive.com/,
MED-2025-003,Marc Anthony – En Vivo Tour,Marc Anthony,El ícono de la salsa regresa con su gira internacional.,musica,adultos,"salsa,latino,tour",13/11/25,19:00,13/11/25,19:00,180,Coliseo MedPlus,"Calle 80 Km 1.5, vía a Cota, Bogotá",El Rosal,Bogotá,4.738086,-74.132268,200000,1000000,FALSE,todas,CMN Events,Ticketmaster,https://www.taquillalive.com/,
MED-2026-004,Rüfüs Du Sol Live Bogotá,Rüfüs Du Sol,El trío australiano de musica electrónica llega a Colombia.,musica,adultos,"electrónica,house,alternativo",03/06/26,19:00,03/06/26,19:00,180,Coliseo MedPlus,"Calle 80 Km 1.5, vía a Cota, Bogotá",El Rosal,Bogotá,4.738086,-74.132268,180000,900000,FALSE,14+,Move Concerts,Ticketmaster,https://www.taquillalive.com/,
MED-2025-005,Christian Nodal – Pa’l Cora Tour,Christian Nodal,El artista mexicano presenta su gira 'Pa’l Cora Tour' en formato 360°.,musica,adultos,"regional mexicano, tour, 360",20/09/25,20:00,20/09/25,20:00,180,Coliseo MedPlus,"Calle 80 Km 1.5, vía a Cota, Bogotá",El Rosal,Bogotá,4.738086,-74.132268,180000,950000,FALSE,todas,Coliseo MedPlus,Ticketmaster,https://www.taquillalive.com/,
MED-2025-006,Perros Criollos Bogotá,Perros Criollos,Presentación de la banda colombiana Perros Criollos en el Coliseo MedPlus.,musica,jóvenes,"rock colombiano, alternativo",10/11/25,20:00,10/11/25,20:00,180,Coliseo MedPlus,"Calle 80 Km 1.5, vía a Cota, Bogotá",El Rosal,Bogotá,4.738086,-74.132268,80000,350000,FALSE,todas,Coliseo MedPlus,Ticketmaster,https://www.taquillalive.com/,
MED-2026-007,Korn Live Bogotá 2026,Ko?n,La legendaria banda de nu metal llega a Bogotá con su gira 2026.,musica,adultos,"metal, rock, alternativo",06/02/26,20:00,06/02/26,20:00,180,Coliseo MedPlus,"Calle 80 Km 1.5, vía a Cota, Bogotá",El Rosal,Bogotá,4.738086,-74.132268,220000,1100000,FALSE,todas,Taquillalive,Ticketmaster,https://www.taquillalive.com/performance-details/?event=TCL.EVN1034.PRF1,
MED-2026-008,Stream Fighters,"Westcol, Cosculluela","Stream Fighters 4: el evento de boxeo amateur, y musica más grande de Latinoamérica.	boxing	jóvenes	boxing, jovenes, colombia, novedad, reggaeton, mx, argStream Fighters 4: el evento de boxeo amateur, y musica más grande de Latinoamérica.",boxing,jóvenes,"boxing, jovenes, colombia, novedad, reggaeton, mx, arg",16/10/25,20:00,16/10/25,20:00,180,Coliseo MedPlus,"Calle 80 Km 1.5, vía a Cota, Bogotá",El Rosal,Bogotá,4.738086,-74.132268,220000,4000000,FALSE,todas,Taquillalive,Ticketmaster,https://www.taquillalive.com/performance-details/?event=TCL.EVN1034.PRF2,
TuBoleta-001,CARÍN LEÓN | BOCA CHUECA TOUR 2025,Carín León,Concierto único en Bogotá como parte de su Boca Chueca Tour 2025. Invitados especiales y nueva localidad Gramilla Zapateado. Organiza Breakfast Live.,musica,adultos,"regional mexicana, banda, concierto, Boca Chueca Tour",08/11/25,21:00,08/11/25,19:00,,Estadio Nemesio Camacho El Campín,"Carrera 30 y Calle 57, Teusaquillo, Bogotá",El Campín,Bogotá,4.64595,-74.0776,90000,16000000,FALSO,18,Breakfast Live,Tuboleta,https://www.tuboleta.com/es/eventos/carin-leon-boca-chueca-tour-2025,
BOG-0001,POLO & PAN,POLO & PAN,Música,Música,Adultos ,"electrónica, fiesta, POLO & PAN, concierto, Bogotá",31/10/25,17:00,31/10/25,17:00,180,Movistar Arena,Dg. 61C #26-36,Teusaquillo,Bogotá,4.649331822,-74.0772439,100000,650000,FALSO,18,Breakfast Live,TuBoleta ,https://tuboleta.com/es,
BOG-0002,Alejandro Fernández – De Rey a Rey,Alejandro Fernández,Música,Música,Adultos ,"regional mexicano, concierto, Alejandro Fernández, Bogotá",01/11/25,18:00,01/11/25,18:00,180,Movistar Arena,Dg. 61C #26-36,Teusaquillo,Bogotá,4.649331822,-74.0772439,100000,650000,FALSO,18,Promotora Colombia SAS,TuBoleta ,https://tuboleta.com/es,
BOG-0003,Alejandro Fernández – De Rey a Rey (Segunda Fecha),Alejandro Fernández,Música,Música,Adultos ,"regional mexicano, concierto, Alejandro Fernández, Bogotá",02/11/25,18:00,02/11/25,18:00,180,Movistar Arena,Dg. 61C #26-36,Teusaquillo,Bogotá,4.649331822,-74.0772439,100000,650000,FALSO,18,Promotora Colombia SAS,TuBoleta ,https://tuboleta.com/es,
BOG-0004,Latin Mafia – Tour Latinoamérica 2025,Latin Mafia,Música,Música,Adultos ,"Latin Mafia, tour, Latinoamérica, concierto, Bogotá, Movistar Arena",06/11/25,17:00,06/11/25,17:00,180,Movistar Arena,Dg. 61C #26-36,Teusaquillo,Bogotá,4.649331822,-74.0772439,100000,650000,FALSO,18,Breakfast TBL S.A.S,TuBoleta ,https://tuboleta.com/es,
BOG-0005,J Balvin – Made in Colombia: Ciudad Primavera,J Balvin,Música,Música,Adultos ,"J Balvin, concierto, reguetón, Made in Colombia, Bogotá, El Campín",13/12/25,16:00,13/12/25,16:00,180,Estadio Nemesio Camacho El Campín,Calle 53 #37-24,Teusaquillo,Bogotá,4.6459032,-74.07752822,100000,650000,FALSO,18,Diomar García Eventos + Stage Eventos + Siete Entertainment,TuBoleta ,https://tuboleta.com/es,
BOG-0006,Gypsy Express – La Gata Circo y Burning Caravan,La Gata Circo & Burning Caravan,Teatro,Teatro,Niños ,"circo, danza, teatro, La Gata Circo, Burning Caravan, Bogotá",30/10/25,19:00,30/10/25,19:00,180,Teatro Jorge Eliécer Gaitán,Carrera 7 #22-47,Santa Fe,Bogotá,4.60922,-74.06987,100000,650000,FALSO,7,IDARTES,TuBoleta ,https://tuboleta.com/es,
BOG-0007,Otoboke Beaver,Otoboke Beaver,Música,Música,Adultos ,"punk, garage rock, Otoboke Beaver, Bogotá, concierto",04/11/25,19:00,04/11/25,19:00,180,Boro Room,Calle 55 #13-51,Chapinero,Bogotá,4.64222735,-74.06528296,100000,650000,FALSO,18,Breakfast TBL S.A.S,TuBoleta ,https://tuboleta.com/es,
BOG-0008,Yuri Buenaventura – Ámame y éxitos de siempre,Yuri Buenaventura,Música,Música,Niños ,"Yuri Buenaventura, álbum Ámame, salsa, concierto, Bogotá, Teatro Colsubsidio",07/11/25,18:30,07/11/25,18:30,180,Teatro Colsubsidio,Av. El Dorado #25-40,Teusaquillo,Bogotá,4.623108585,-74.07802426,100000,650000,FALSO,3,Colsubsidio,TuBoleta ,https://tuboleta.com/es,
BOG-0009,Yuri Buenaventura – Ámame y éxitos de siempre (Función 1),Yuri Buenaventura,Música,Música,Niños ,"Yuri Buenaventura, álbum Ámame, salsa, concierto, Bogotá, Teatro Colsubsidio",08/11/25,15:00,08/11/25,15:00,180,Teatro Colsubsidio,Av. El Dorado #25-40,Teusaquillo,Bogotá,4.623108585,-74.07802426,100000,650000,FALSO,3,Colsubsidio,TuBoleta ,https://tuboleta.com/es,
BOG-0010,Yuri Buenaventura – Ámame y éxitos de siempre (Función 2),Yuri Buenaventura,Música,Música,Niños ,"Yuri Buenaventura, álbum Ámame, salsa, concierto, Bogotá, Teatro Colsubsidio",08/11/25,18:30,08/11/25,18:30,180,Teatro Colsubsidio,Av. El Dorado #25-40,Teusaquillo,Bogotá,4.623108585,-74.07802426,100000,650000,FALSO,3,Colsubsidio,TuBoleta ,https://tuboleta.com/es,
BOG-0011,La Mosca – Festival Cordillera 2025,La Mosca,Música,Música,Adultos ,"La Mosca, concierto, Festival Cordillera, Bogotá, Parque Simón Bolívar",13/09/25,13:00,13/09/25,13:00,180,Parque Metropolitano Simón Bolívar,Av. 68 & Calle 63,Barrios Unidos / Engativá,Bogotá,4.660717655,-74.09074677,100000,650000,FALSO,18,Festival Cordillera,TuBoleta ,https://tuboleta.com/es,
BOG-0012,Julio Victoria – Sinfonía Electrónica 2025,Julio Victoria,Música,Música,Jovenes,"Julio Victoria, electrónica, sinfónica, Orquesta Filarmónica de Mujeres, Bogotá, Teatro Mayor",09/11/25,17:30,09/11/25,17:30,180,Teatro Mayor Julio Mario Santo Domingo,Calle 170 #67-51,Suba,Bogotá,4.75671,-74.06281,100000,650000,FALSO,12,Promotora Colombia S.A.S,TuBoleta ,https://tuboleta.com/es,
BOG-0013,Carín León – Boca Chueca Tour 2025,Carín León,Música,Música,Adultos ,"Carín León, Boca Chueca Tour, regional mexicano, concierto, Bogotá, El Campín",08/11/25,17:00,08/11/25,17:00,180,Estadio Nemesio Camacho El Campín,Carrera 30 & Calle 57,Teusaquillo,Bogotá,4.6459032,-74.07752822,100000,650000,FALSO,18,Breakfast Live,TuBoleta ,https://tuboleta.com/es,
BOG-0014,Sílvia Pérez Cruz y Salvador Sobral,Sílvia Pérez Cruz & Salvador Sobral,Música,Música,Niños ,"Sílvia Pérez Cruz, Salvador Sobral, álbum dúo, concierto, Bogotá, Teatro Colsubsidio",30/10/25,18:30,30/10/25,18:30,180,Teatro Colsubsidio,Av. El Dorado #25-40,Teusaquillo,Bogotá,4.623108585,-74.07802426,100000,650000,FALSO,3,Colsubsidio,TuBoleta ,https://tuboleta.com/es,
BOG-0015,El Principito – El Musical,Elenco de El Principito (Producción Teatral Colombia),Teatro,Teatro,Niños ,"El Principito, musical, familia, teatro, Bogotá, Teatro Colón",30/10/25,18:30,30/10/25,18:30,180,Teatro Colón,Calle 10 #5-32,La Candelaria,Bogotá,4.5966666,-74.0744201,60000,200000,FALSO,2,Centro Nacional de las Artes Delia Zapata Olivella,TuBoleta ,https://tuboleta.com/es,
BOG-0016,El Principito – El Musical,Elenco de El Principito (Producción Teatral Colombia),Teatro,Teatro,Niños ,"El Principito, musical, familia, teatro, Bogotá, Teatro Colón",31/10/25,18:30,31/10/25,18:30,180,Teatro Colón,Calle 10 #5-32,La Candelaria,Bogotá,4.5966666,-74.0744201,60000,200000,FALSO,2,Centro Nacional de las Artes Delia Zapata Olivella,TuBoleta ,https://tuboleta.com/es,
BOG-0017,El Principito – El Musical,Elenco de El Principito (Producción Teatral Colombia),Teatro,Teatro,Niños ,"El Principito, musical, familia, teatro, Bogotá, Teatro Colón",01/11/25,16:00,01/11/25,16:00,180,Teatro Colón,Calle 10 #5-32,La Candelaria,Bogotá,4.5966666,-74.0744201,60000,200000,FALSO,2,Centro Nacional de las Artes Delia Zapata Olivella,TuBoleta ,https://tuboleta.com/es,
BOG-0018,El Principito – El Musical,Elenco de El Principito (Producción Teatral Colombia),Teatro,Teatro,Niños ,"El Principito, musical, familia, teatro, Bogotá, Teatro Colón",01/11/25,18:30,01/11/25,18:30,180,Teatro Colón,Calle 10 #5-32,La Candelaria,Bogotá,4.5966666,-74.0744201,60000,200000,FALSO,2,Centro Nacional de las Artes Delia Zapata Olivella,TuBoleta ,https://tuboleta.com/es,
BOG-0019,El Principito – El Musical,Elenco de El Principito (Producción Teatral Colombia),Teatro,Teatro,Niños ,"El Principito, musical, familia, teatro, Bogotá, Teatro Colón",02/11/25,16:00,02/11/25,16:00,180,Teatro Colón,Calle 10 #5-32,La Candelaria,Bogotá,4.5966666,-74.0744201,60000,200000,FALSO,2,Centro Nacional de las Artes Delia Zapata Olivella,TuBoleta ,https://tuboleta.com/es,
BOG-0020,El Principito – El Musical,Elenco de El Principito (Producción Teatral Colombia),Teatro,Teatro,Niños ,"El Principito, musical, familia, teatro, Bogotá, Teatro Colón",03/11/25,16:00,03/11/25,16:00,180,Teatro Colón,Calle 10 #5-32,La Candelaria,Bogotá,4.5966666,-74.0744201,60000,200000,FALSO,2,Centro Nacional de las Artes Delia Zapata Olivella,TuBoleta ,https://tuboleta.com/es,
BOG-0021,¡AZÚCAR! – Tributo a Celia Cruz – 100  de su nacimiento,Tributo a Celia Cruz,Música,Música,Niños ,"Celia Cruz, tributo, salsa, música latina, Bogotá, Teatro Cafam",08/11/25,19:00,08/11/25,19:00,180,Teatro Cafam,Av. Cra 68 #90-88,Suba,Bogotá,4.684871,-74.07318,60000,200000,FALSO,7,CAFAM,TuBoleta ,https://tuboleta.com/es,
BOG-0022,¡AZÚCAR! – Tributo a Celia Cruz – 100  de su nacimiento,Tributo a Celia Cruz,Música,Música,Niños ,"Celia Cruz, tributo, salsa, música latina, Bogotá, Teatro Cafam",09/11/25,10:00,09/11/25,10:00,180,Teatro Cafam,Av. Cra 68 #90-88,Suba,Bogotá,4.684871,-74.07318,60000,200000,FALSO,7,CAFAM,TuBoleta ,https://tuboleta.com/es,
BOG-0023,ORG@SMO – Todos venimos de al menos uno,Antonio Sanint,Teatro / Comedia,Teatro,Niños ,"comedia, sexualidad, Antonio Sanint, teatro Bogotá, Teatro Cafam",29/11/25,16:00,29/11/25,16:00,90,Teatro Cafam,Av. Cra 68 #90-88,Suba,Bogotá,4.684871,-74.07318,60000,200000,FALSO,11,CAFAM,TuBoleta ,https://tuboleta.com/es,
BOG-0024,Así fue mi padre – Porque sigue siendo el rey,José Alfredo Jiménez Medel,Teatro / Música,Teatro / Música,Jovenes,"José Alfredo Jiménez, homenaje, teatro musical, Bogotá, Teatro Cafam",22/11/25,17:00,22/11/25,17:00,90,Teatro Cafam,Av. Cra 68 #90-88,Suba,Bogotá,4.684871,-74.07318,60000,200000,FALSO,12,CAFAM,TuBoleta ,https://tuboleta.com/es,
BOG-0025,Así fue mi padre – Porque sigue siendo el rey,José Alfredo Jiménez Medel,Teatro / Música,Teatro / Música,Jovenes,"José Alfredo Jiménez, homenaje, teatro musical, Bogotá, Teatro Cafam",23/11/25,11:00,23/11/25,11:00,90,Teatro Cafam,Av. Cra 68 #90-88,Suba,Bogotá,4.684871,-74.07318,60000,200000,FALSO,12,CAFAM,TuBoleta ,https://tuboleta.com/es,
BOG-0026,Clásicos Navideños,Más de 25 artistas,Música / Familiar,Música / Familiar,Niños ,"navidad, villancicos, familia, Teatro Cafam, Bogotá, música colombiana",06/12/25,19:00,06/12/25,19:00,90,Teatro Cafam,Av. Cra 68 #90-88,Suba,Bogotá,4.684871,-74.07318,60000,200000,FALSO,7,CAFAM,TuBoleta ,https://tuboleta.com/es,
BOG-0027,Clásicos Navideños,Más de 25 artistas,Música / Familiar,Música / Familiar,Niños ,"navidad, villancicos, familia, Teatro Cafam, Bogotá, música colombiana",07/12/25,10:00,07/12/25,10:00,90,Teatro Cafam,Av. Cra 68 #90-88,Suba,Bogotá,4.684871,-74.07318,60000,200000,FALSO,7,CAFAM,TuBoleta ,https://tuboleta.com/es,
BOG-0028,El Cascanueces y el Rey de los Ratones,Ballet / Producción Internacional,Teatro / Familiar,Teatro / Familiar,Niños ,"Cascanueces, navidad, familia, teatro, Bogotá, Teatro Cafam",18/12/25,19:00,18/12/25,19:00,90,Teatro Cafam,Av. Cra 68 #90-88,Suba,Bogotá,4.684871,-74.07318,60000,200000,FALSO,4,CAFAM,TuBoleta ,https://tuboleta.com/es,
BOG-0029,El Cascanueces y el Rey de los Ratones,Ballet / Producción Internacional,Teatro / Familiar,Teatro / Familiar,Niños ,"Cascanueces, navidad, familia, teatro, Bogotá, Teatro Cafam",19/12/25,19:00,19/12/25,19:00,90,Teatro Cafam,Av. Cra 68 #90-88,Suba,Bogotá,4.684871,-74.07318,60000,200000,FALSO,4,CAFAM,TuBoleta ,https://tuboleta.com/es,
BOG-0030,Los Hispanos vs Graduados,Los Hispanos & Los Graduados,Música,Música,Niños ,"Los Hispanos, Los Graduados, versus, concierto, Bogotá, Teatro Cafam",20/12/25,19:00,20/12/25,19:00,90,Teatro Cafam,Av. Cra 68 #90-88,Suba,Bogotá,4.684871,-74.07318,60000,200000,FALSO,7,CAFAM,TuBoleta ,https://tuboleta.com/es,
BOG-0031,Los Hispanos vs Graduados,Los Hispanos & Los Graduados,Música,Música,Niños ,"Los Hispanos, Los Graduados, versus, concierto, Bogotá, Teatro Cafam",21/12/25,15:00,21/12/25,15:00,90,Teatro Cafam,Av. Cra 68 #90-88,Suba,Bogotá,4.684871,-74.07318,60000,200000,FALSO,7,CAFAM,TuBoleta ,https://tuboleta.com/es,
BOG-0032,La Pelota de Letras,Andrés López,Teatro / Comedia,Teatro / Comedia,Niños ,"Andrés López, generaciones, humor, stand-up, familia, Bogotá, Teatro Cafam",31/01/26,20:00,31/01/26,20:00,90,Teatro Cafam,Av. Cra 68 #90-88,Suba,Bogotá,4.684871,-74.07318,60000,200000,FALSO,7,CAFAM,TuBoleta ,https://tuboleta.com/es,
BOG-0033,La Pelota de Letras,Andrés López,Teatro / Comedia,Teatro / Comedia,Niños ,"Andrés López, generaciones, humor, stand-up, familia, Bogotá, Teatro Cafam",01/02/26,17:00,01/02/26,17:00,90,Teatro Cafam,Av. Cra 68 #90-88,Suba,Bogotá,4.684871,-74.07318,60000,200000,FALSO,7,CAFAM,TuBoleta ,https://tuboleta.com/es,
BOG-0034,La Pelota de Letras,Andrés López,Teatro / Comedia,Teatro / Comedia,Niños ,"Andrés López, generaciones, humor, stand-up, familia, Bogotá, Teatro Cafam",02/02/26,17:00,02/02/26,17:00,90,Teatro Cafam,Av. Cra 68 #90-88,Suba,Bogotá,4.684871,-74.07318,60000,200000,FALSO,7,CAFAM,TuBoleta ,https://tuboleta.com/es,
BOG-0035,La Pelota de Letras,Andrés López,Teatro / Comedia,Teatro / Comedia,Niños ,"Andrés López, generaciones, humor, stand-up, familia, Bogotá, Teatro Cafam",07/02/26,20:00,07/02/26,20:00,90,Teatro Cafam,Av. Cra 68 #90-88,Suba,Bogotá,4.684871,-74.07318,60000,200000,FALSO,7,CAFAM,TuBoleta ,https://tuboleta.com/es,
BOG-0036,La Pelota de Letras,Andrés López,Teatro / Comedia,Teatro / Comedia,Niños ,"Andrés López, generaciones, humor, stand-up, familia, Bogotá, Teatro Cafam",08/02/26,17:00,08/02/26,17:00,90,Teatro Cafam,Av. Cra 68 #90-88,Suba,Bogotá,4.684871,-74.07318,60000,200000,FALSO,7,CAFAM,TuBoleta ,https://tuboleta.com/es,
BOG-0037,La Pelota de Letras,Andrés López,Teatro / Comedia,Teatro / Comedia,Niños ,"Andrés López, generaciones, humor, stand-up, familia, Bogotá, Teatro Cafam",09/02/26,17:00,09/02/26,17:00,90,Teatro Cafam,Av. Cra 68 #90-88,Suba,Bogotá,4.684871,-74.07318,60000,200000,FALSO,7,CAFAM,TuBoleta ,https://tuboleta.com/es,
BOG-0038,La Travesía de Astromelia,Estudio Caja Negra (Producción Teatral),Teatro / Familiar,Teatro / Familiar,Familiar,"Astromelia, infantil, teatro familiar, Bogotá, Teatro Estudio, Julio Mario Santo Domingo",01/11/25,17:00,01/11/25,17:00,90,Teatro Estudio – Teatro Mayor Julio Mario Santo Domingo,Calle 170 #67-51,Suba,Bogotá,4.75671,-74.06281,60000,200000,FALSO,No especificada,Estudio Caja Negra / Teatro Mayor Julio Mario Santo Domingo,TuBoleta ,https://tuboleta.com/es,
BOG-0039,La Travesía de Astromelia,Estudio Caja Negra (Producción Teatral),Teatro / Familiar,Teatro / Familiar,Familiar,"Astromelia, infantil, teatro familiar, Bogotá, Teatro Estudio, Julio Mario Santo Domingo",02/11/25,11:00,02/11/25,11:00,90,Teatro Estudio – Teatro Mayor Julio Mario Santo Domingo,Calle 170 #67-51,Suba,Bogotá,4.75671,-74.06281,60000,200000,FALSO,No especificada,Estudio Caja Negra / Teatro Mayor Julio Mario Santo Domingo,TuBoleta ,https://tuboleta.com/es,
BOG-0040,"Mal Pelo, España – Double Infinite. The Bluebird Call",Mal Pelo (España),Teatro / Danza Contemporánea,Teatro / Danza Contemporánea,Jovenes,"Mal Pelo, danza contemporánea, Double Infinite, Bluebird Call, Bogotá, Teatro Estudio, Julio Mario Santo Domingo",07/11/25,20:00,07/11/25,20:00,90,Teatro Estudio – Teatro Mayor Julio Mario Santo Domingo,Calle 170 #67-51,Suba,Bogotá,4.75671,-74.06281,60000,200000,FALSO,12,Teatro Mayor Julio Mario Santo Domingo / TuBoleta,TuBoleta ,https://tuboleta.com/es,
BOG-0041,"Mal Pelo, España – Double Infinite. The Bluebird Call",Mal Pelo (España),Teatro / Danza Contemporánea,Teatro / Danza Contemporánea,Jovenes,"Mal Pelo, danza contemporánea, Double Infinite, Bluebird Call, Bogotá, Teatro Estudio, Julio Mario Santo Domingo",08/11/25,20:00,08/11/25,20:00,90,Teatro Estudio – Teatro Mayor Julio Mario Santo Domingo,Calle 170 #67-51,Suba,Bogotá,4.75671,-74.06281,60000,200000,FALSO,12,Teatro Mayor Julio Mario Santo Domingo / TuBoleta,TuBoleta ,https://tuboleta.com/es,
BOG-0042,Concurso Internacional de Violín Ciudad de Bogotá – Final,Finalistas del concurso internacional de violín,Música / Clásica,Música / Clásica,Familiar,"violín, concurso internacional, Bogotá, música clásica, Teatro Mayor, Orquesta Filarmónica de Bogotá",07/11/25,15:00,07/11/25,15:00,90,Teatro Mayor Julio Mario Santo Domingo,Calle 170 #67-51,Suba,Bogotá,4.75671,-74.06281,60000,200000,FALSO,No especificada,Secretaría de Cultura / Orquesta Filarmónica de Bogotá / Teatro Mayor,TuBoleta ,https://tuboleta.com/es,
BOG-0043,Carminho – Festival de Fado 2025,Carminho (Portugal),Música,Música,Niños ,"Carminho, fado, festival de fado, Bogotá, Teatro Mayor Julio Mario Santo Domingo",08/11/25,20:00,08/11/25,20:00,90,Teatro Mayor Julio Mario Santo Domingo,Calle 170 #67-51,Suba,Bogotá,4.75671,-74.06281,60000,200000,FALSO,6,Festival de Fado Bogotá / Teatro Mayor,TuBoleta ,https://tuboleta.com/es,
BOG-0044,André Dias & Hugo Gamboias – Festival de Fado 2025,André Dias & Hugo Gamboias,Música,Música,Niños ,"André Dias, Hugo Gamboias, fado, festival de fado, Bogotá, Teatro Mayor",08/11/25,20:00,08/11/25,20:00,90,Teatro Mayor Julio Mario Santo Domingo,Calle 170 #67-51,Suba,Bogotá,4.75671,-74.06281,60000,200000,FALSO,6,Festival de Fado Bogotá / Teatro Mayor,TuBoleta ,https://tuboleta.com/es,
BOG-0045,Julio Victoria – Sinfonía Electrónica 2025,Julio Victoria,Música,Música,Jovenes,"Julio Victoria, electrónica, sinfónica, Orquesta Filarmónica de Mujeres de Bogotá, Bogotá, Teatro Mayor",09/11/25,17:30,09/11/25,17:30,90,Teatro Mayor Julio Mario Santo Domingo,Calle 170 #67-51,Suba,Bogotá,4.75671,-74.06281,60000,200000,FALSO,12,Promotora Colombia S.A.S.,TuBoleta ,https://tuboleta.com/es,
BOG-0046,Movimiento en Colectivo (MEC) – Gente de Chonta,Movimiento en Colectivo (MEC),Teatro / Danza contemporánea,Teatro / Danza contemporánea,Familiar,"Movimiento en Colectivo, danza contemporánea, Gente de Chonta, Bogotá, Teatro Estudio, Teatro Mayor Julio Mario Santo Domingo",14/11/25,20:00,14/11/25,20:00,90,Teatro Estudio – Teatro Mayor Julio Mario Santo Domingo,Calle 170 #67-51,Suba,Bogotá,4.75671,-74.06281,60000,200000,FALSO,No especificada,Fundación de Amigos del Teatro Mayor / TuBoleta,TuBoleta ,https://tuboleta.com/es,
BOG-0047,Movimiento en Colectivo (MEC) – Gente de Chonta,Movimiento en Colectivo (MEC),Teatro / Danza contemporánea,Teatro / Danza contemporánea,Familiar,"Movimiento en Colectivo, danza contemporánea, Gente de Chonta, Bogotá, Teatro Estudio, Teatro Mayor Julio Mario Santo Domingo",15/11/25,20:00,15/11/25,20:00,90,Teatro Estudio – Teatro Mayor Julio Mario Santo Domingo,Calle 170 #67-51,Suba,Bogotá,4.75671,-74.06281,60000,200000,FALSO,No especificada,Fundación de Amigos del Teatro Mayor / TuBoleta,TuBoleta ,https://tuboleta.com/es,
BOG-0048,Eduardo Bandola y los Bandoleros de la Música,Eduardo Bandola & Los Bandoleros de la Música,Música,Música,Familiar,"Eduardo Bandola, bandoleros de la música, música colombiana, concierto, Bogotá, Teatro Estudio",16/11/25,17:00,16/11/25,17:00,90,Teatro Estudio – Teatro Mayor Julio Mario Santo Domingo,Calle 170 #67-51,Suba,Bogotá,4.75671,-74.06281,60000,200000,FALSO,No especificada,Ticket Fast S.A.S. / TuBoleta,TuBoleta ,https://tuboleta.com/es,
BOG-0049,LOrfeo – Favola in Musica de Claudio Monteverdi,Camila Toro Estudio Vocal & Academia de Música Antigua,Música / Clásica,Música / Clásica,Familiar,"Monteverdi, L’Orfeo, ópera barroca, Bogotá, Teatro Estudio, Claudio Monteverdi",18/11/25,20:00,18/11/25,20:00,90,Teatro Estudio – Julio Mario Santo Domingo,Calle 170 #67-51,Suba,Bogotá,4.75671,-74.06281,60000,200000,FALSO,No especificada,Fundación de Amigos del Teatro Mayor,TuBoleta ,https://tuboleta.com/es,
BOG-0050,"Ballet Preljocaj, Francia – Gravity",Ballet Preljocaj (Francia),Teatro / Danza contemporánea,Teatro / Danza contemporánea,Jovenes,"Ballet Preljocaj, danza contemporánea, Gravity, Bogotá, Teatro Mayor, Julio Mario Santo Domingo",21/11/25,20:00,21/11/25,20:00,90,Teatro Mayor Julio Mario Santo Domingo,Calle 170 #67-51,Suba,Bogotá,4.75671,-74.06281,60000,200000,FALSO,14,Fundación de Amigos del Teatro Mayor / TuBoleta,TuBoleta ,https://tuboleta.com/es,
BOG-0051,"Ballet Preljocaj, Francia – Gravity",Ballet Preljocaj (Francia),Teatro / Danza contemporánea,Teatro / Danza contemporánea,Jovenes,"Ballet Preljocaj, danza contemporánea, Gravity, Bogotá, Teatro Mayor, Julio Mario Santo Domingo",22/11/25,20:00,22/11/25,20:00,90,Teatro Mayor Julio Mario Santo Domingo,Calle 170 #67-51,Suba,Bogotá,4.75671,-74.06281,60000,200000,FALSO,14,Fundación de Amigos del Teatro Mayor / TuBoleta,TuBoleta ,https://tuboleta.com/es,
BOG-0052,Salsa y bolero con Juan Pablo Vega y sus Cachacoletos,Juan Pablo Vega & sus Cachacoletos,Música,Música,Familiar,"Juan Pablo Vega, Cachacoletos, salsa, bolero, concierto, Bogotá, Teatro Mayor",23/11/25,17:00,23/11/25,17:00,90,Teatro Mayor Julio Mario Santo Domingo,Calle 170 #67-51,Suba,Bogotá,4.75671,-74.06281,60000,200000,FALSO,No especificada,TuBoleta / Ticket Fast S.A.S.,TuBoleta ,https://tuboleta.com/es,
BOG-0053,Orquesta Filarmónica de Bogotá,Orquesta Filarmónica de Bogotá,Música / Clásica,Música / Clásica,Familiar,"Orquesta Filarmónica de Bogotá, sinfónico, concierto clásico, Bogotá, Teatro Mayor Julio Mario Santo Domingo",30/11/25,17:00,30/11/25,17:00,180,Teatro Mayor Julio Mario Santo Domingo,Calle 170 #67-51,Suba,Bogotá,4.75671,-74.06281,60000,200000,FALSO,No especificada,Secretaría de Cultura / Orquesta Filarmónica de Bogotá,TuBoleta ,https://tuboleta.com/es,
BOG-0054,Puerto Candelaria – Big Band,Puerto Candelaria,Música,Música,Familiar,"Puerto Candelaria, big band, cumbia, jazz colombiano, Bogotá, concierto",21/06/25,19:30,21/06/25,19:30,180,Teatro Colón – Centro Nacional de las Artes Delia Zapata Olivella,Calle 10 #5-32,La Candelaria,Bogotá,4.5966666,-74.0744201,60000,200000,FALSO,No especificada,Merlín Producciones / Puerto Candelaria,TuBoleta ,https://tuboleta.com/es,
BOG-0055,El Mesías de Georg Friedrich Händel,Orquesta Filarmónica de Bogotá & Coro,Música / Clásica,Música / Clásica,Familiar,"Händel, El Mesías, música barroca, Bogotá, Teatro Mayor Julio Mario Santo Domingo",06/12/25,17:00,06/12/25,17:00,90,Teatro Mayor Julio Mario Santo Domingo,Calle 170 #67-51,Suba,Bogotá,4.5966666,-74.0744201,60000,200000,FALSO,No especificada,Orquesta Filarmónica de Bogotá / Teatro Mayor,TuBoleta ,https://tuboleta.com/es,
BOG-0056,El Mesías de Georg Friedrich Händel,Orquesta Filarmónica de Bogotá & Coro,Música / Clásica,Música / Clásica,Familiar,"Händel, El Mesías, música barroca, Bogotá, Teatro Mayor Julio Mario Santo Domingo",07/12/25,17:00,07/12/25,17:00,90,Teatro Mayor Julio Mario Santo Domingo,Calle 170 #67-51,Suba,Bogotá,4.5966666,-74.0744201,60000,200000,FALSO,No especificada,Orquesta Filarmónica de Bogotá / Teatro Mayor,TuBoleta ,https://tuboleta.com/es,
BOG-0057,Cascanueces – Gala Benéfica Fundación CRAN,Ballet / Fundación CRAN,Teatro / Familiar,Teatro / Familiar,Familiar,"Cascanueces, ballet, beneficencia, Fundación CRAN, Bogotá, Teatro Mayor Julio Mario Santo Domingo",11/12/25,20:00,11/12/25,20:00,90,Teatro Mayor Julio Mario Santo Domingo,Calle 170 #67-51,Suba,Bogotá,4.5966666,-74.0744201,60000,200000,FALSO,No especificada,Fundación CRAN,TuBoleta ,https://tuboleta.com/es,
BOG-0058,Cascanueces – Gala Benéfica Fundación CRAN,Ballet / Fundación CRAN,Teatro / Familiar,Teatro / Familiar,Familiar,"Cascanueces, ballet, beneficencia, Fundación CRAN, Bogotá, Teatro Mayor Julio Mario Santo Domingo",12/12/25,20:00,12/12/25,20:00,90,Teatro Mayor Julio Mario Santo Domingo,Calle 170 #67-51,Suba,Bogotá,4.5966666,-74.0744201,60000,200000,FALSO,No especificada,Fundación CRAN,TuBoleta ,https://tuboleta.com/es,
BOG-0059,Cascanueces – Gala Benéfica Fundación CRAN,Ballet / Fundación CRAN,Teatro / Familiar,Teatro / Familiar,Familiar,"Cascanueces, ballet, beneficencia, Fundación CRAN, Bogotá, Teatro Mayor Julio Mario Santo Domingo",13/12/25,20:00,13/12/25,20:00,90,Teatro Mayor Julio Mario Santo Domingo,Calle 170 #67-51,Suba,Bogotá,4.5966666,-74.0744201,60000,200000,FALSO,No especificada,Fundación CRAN,TuBoleta ,https://tuboleta.com/es,
BOG-0060,Navidad Filarmónica,Orquesta Filarmónica de Bogotá,Música / Clásica,Música / Clásica,Familiar,"Navidad, Orquesta Filarmónica de Bogotá, concierto navideño, Bogotá, Teatro Mayor Julio Mario Santo Domingo",18/12/25,20:00,18/12/25,20:00,180,Teatro Mayor Julio Mario Santo Domingo,Calle 170 #67-51,Suba,Bogotá,4.5966666,-74.0744201,60000,200000,FALSO,No especificada,Orquesta Filarmónica de Bogotá / Teatro Mayor,TuBoleta ,https://tuboleta.com/es,
BOG-0061,Navidad Filarmónica,Orquesta Filarmónica de Bogotá,Música / Clásica,Música / Clásica,Familiar,"Navidad, Orquesta Filarmónica de Bogotá, concierto navideño, Bogotá, Teatro Mayor Julio Mario Santo Domingo",20/12/25,17:00,20/12/25,17:00,180,Teatro Mayor Julio Mario Santo Domingo,Calle 170 #67-51,Suba,Bogotá,4.5966666,-74.0744201,60000,200000,FALSO,No especificada,Orquesta Filarmónica de Bogotá / Teatro Mayor,TuBoleta ,https://tuboleta.com/es,
BOG-0062,Navidad Filarmónica,Orquesta Filarmónica de Bogotá,Música / Clásica,Música / Clásica,Familiar,"Navidad, Orquesta Filarmónica de Bogotá, concierto navideño, Bogotá, Teatro Mayor Julio Mario Santo Domingo",21/12/25,11:00,21/12/25,11:00,180,Teatro Mayor Julio Mario Santo Domingo,Calle 170 #67-51,Suba,Bogotá,4.5966666,-74.0744201,60000,200000,FALSO,No especificada,Orquesta Filarmónica de Bogotá / Teatro Mayor,TuBoleta ,https://tuboleta.com/es,
BOG-0063,Scrooge y los Fantasmas de la Navidad,UR Misi Producciones & Orquesta Nueva Filarmonía,Teatro / Musical familiar,Teatro,Familiar,"Scrooge, navidad, musical, familia, Bogotá, Teatro Colsubsidio, UR Misi",22/11/25,15:00,22/11/25,15:00,90,Teatro Colsubsidio,Av. El Dorado #25-40,Teusaquillo,Bogotá,4.623108585,-74.07802426,60000,200000,FALSO,No especificada,UR Misi Producciones / Universidad del Rosario,TuBoleta ,https://tuboleta.com/es,
BOG-0064,Scrooge y los Fantasmas de la Navidad,UR Misi Producciones & Orquesta Nueva Filarmonía,Teatro / Musical familiar,Teatro,Familiar,"Scrooge, navidad, musical, familia, Bogotá, Teatro Colsubsidio, UR Misi",22/11/25,19:30,22/11/25,19:30,90,Teatro Colsubsidio,Av. El Dorado #25-40,Teusaquillo,Bogotá,4.623108585,-74.07802426,60000,200000,FALSO,No especificada,UR Misi Producciones / Universidad del Rosario,TuBoleta ,https://tuboleta.com/es,
BOG-0065,Scrooge y los Fantasmas de la Navidad,UR Misi Producciones & Orquesta Nueva Filarmonía,Teatro / Musical familiar,Teatro / Musical familiar,Familiar,"Scrooge, navidad, musical, familia, Bogotá, Teatro Colsubsidio, UR Misi",23/11/25,16:00,23/11/25,16:00,90,Teatro Colsubsidio,Av. El Dorado #25-40,Teusaquillo,Bogotá,4.623108585,-74.07802426,60000,200000,FALSO,No especificada,UR Misi Producciones / Universidad del Rosario,TuBoleta ,https://tuboleta.com/es,
BOG-0066,Scrooge y los Fantasmas de la Navidad,UR Misi Producciones & Orquesta Nueva Filarmonía,Teatro / Musical familiar,Teatro / Musical familiar,Familiar,"Scrooge, navidad, musical, familia, Bogotá, Teatro Colsubsidio, UR Misi",27/11/25,19:30,27/11/25,19:30,90,Teatro Colsubsidio,Av. El Dorado #25-40,Teusaquillo,Bogotá,4.623108585,-74.07802426,60000,200000,FALSO,No especificada,UR Misi Producciones / Universidad del Rosario,TuBoleta ,https://tuboleta.com/es,
BOG-0067,Scrooge y los Fantasmas de la Navidad,UR Misi Producciones & Orquesta Nueva Filarmonía,Teatro / Musical familiar,Teatro / Musical familiar,Familiar,"Scrooge, navidad, musical, familia, Bogotá, Teatro Colsubsidio, UR Misi",28/11/25,19:30,28/11/25,19:30,90,Teatro Colsubsidio,Av. El Dorado #25-40,Teusaquillo,Bogotá,4.623108585,-74.07802426,60000,200000,FALSO,No especificada,UR Misi Producciones / Universidad del Rosario,TuBoleta ,https://tuboleta.com/es,
BOG-0068,Scrooge y los Fantasmas de la Navidad,UR Misi Producciones & Orquesta Nueva Filarmonía,Teatro / Musical familiar,Teatro / Musical familiar,Familiar,"Scrooge, navidad, musical, familia, Bogotá, Teatro Colsubsidio, UR Misi",29/11/25,15:00,29/11/25,15:00,90,Teatro Colsubsidio,Av. El Dorado #25-40,Teusaquillo,Bogotá,4.623108585,-74.07802426,60000,200000,FALSO,No especificada,UR Misi Producciones / Universidad del Rosario,TuBoleta ,https://tuboleta.com/es,
BOG-0069,Scrooge y los Fantasmas de la Navidad,UR Misi Producciones & Orquesta Nueva Filarmonía,Teatro / Musical familiar,Teatro / Musical familiar,Familiar,"Scrooge, navidad, musical, familia, Bogotá, Teatro Colsubsidio, UR Misi",29/11/25,19:30,29/11/25,19:30,90,Teatro Colsubsidio,Av. El Dorado #25-40,Teusaquillo,Bogotá,4.623108585,-74.07802426,60000,200000,FALSO,No especificada,UR Misi Producciones / Universidad del Rosario,TuBoleta ,https://tuboleta.com/es,
BOG-0070,Scrooge y los Fantasmas de la Navidad,UR Misi Producciones & Orquesta Nueva Filarmonía,Teatro / Musical familiar,Teatro / Musical familiar,Familiar,"Scrooge, navidad, musical, familia, Bogotá, Teatro Colsubsidio, UR Misi",30/11/25,16:00,30/11/25,16:00,90,Teatro Colsubsidio,Av. El Dorado #25-40,Teusaquillo,Bogotá,4.623108585,-74.07802426,60000,200000,FALSO,No especificada,UR Misi Producciones / Universidad del Rosario,TuBoleta ,https://tuboleta.com/es,
BOG-0071,Scrooge y los Fantasmas de la Navidad,UR Misi Producciones & Orquesta Nueva Filarmonía,Teatro / Musical familiar,Teatro / Musical familiar,Familiar,"Scrooge, navidad, musical, familia, Bogotá, Teatro Colsubsidio, UR Misi",04/12/25,19:30,04/12/25,19:30,90,Teatro Colsubsidio,Av. El Dorado #25-40,Teusaquillo,Bogotá,4.623108585,-74.07802426,60000,200000,FALSO,No especificada,UR Misi Producciones / Universidad del Rosario,TuBoleta ,https://tuboleta.com/es,
BOG-0072,Scrooge y los Fantasmas de la Navidad,UR Misi Producciones & Orquesta Nueva Filarmonía,Teatro / Musical familiar,Teatro / Musical familiar,Familiar,"Scrooge, navidad, musical, familia, Bogotá, Teatro Colsubsidio, UR Misi",05/12/25,19:30,05/12/25,19:30,90,Teatro Colsubsidio,Av. El Dorado #25-40,Teusaquillo,Bogotá,4.623108585,-74.07802426,60000,200000,FALSO,No especificada,UR Misi Producciones / Universidad del Rosario,TuBoleta ,https://tuboleta.com/es,
BOG-0073,Scrooge y los Fantasmas de la Navidad,UR Misi Producciones & Orquesta Nueva Filarmonía,Teatro / Musical familiar,Teatro / Musical familiar,Familiar,"Scrooge, navidad, musical, familia, Bogotá, Teatro Colsubsidio, UR Misi",06/12/25,15:00,06/12/25,15:00,90,Teatro Colsubsidio,Av. El Dorado #25-40,Teusaquillo,Bogotá,4.623108585,-74.07802426,60000,200000,FALSO,No especificada,UR Misi Producciones / Universidad del Rosario,TuBoleta ,https://tuboleta.com/es,
BOG-0074,Scrooge y los Fantasmas de la Navidad,UR Misi Producciones & Orquesta Nueva Filarmonía,Teatro / Musical familiar,Teatro / Musical familiar,Familiar,"Scrooge, navidad, musical, familia, Bogotá, Teatro Colsubsidio, UR Misi",06/12/25,19:30,06/12/25,19:30,90,Teatro Colsubsidio,Av. El Dorado #25-40,Teusaquillo,Bogotá,4.623108585,-74.07802426,60000,200000,FALSO,No especificada,UR Misi Producciones / Universidad del Rosario,TuBoleta ,https://tuboleta.com/es,
BOG-0075,Scrooge y los Fantasmas de la Navidad,UR Misi Producciones & Orquesta Nueva Filarmonía,Teatro / Musical familiar,Teatro / Musical familiar,Familiar,"Scrooge, navidad, musical, familia, Bogotá, Teatro Colsubsidio, UR Misi",07/12/25,16:00,07/12/25,16:00,90,Teatro Colsubsidio,Av. El Dorado #25-40,Teusaquillo,Bogotá,4.623108585,-74.07802426,60000,200000,FALSO,No especificada,UR Misi Producciones / Universidad del Rosario,TuBoleta ,https://tuboleta.com/es,
BOG-0076,Scrooge y los Fantasmas de la Navidad,UR Misi Producciones & Orquesta Nueva Filarmonía,Teatro / Musical familiar,Teatro / Musical familiar,Familiar,"Scrooge, navidad, musical, familia, Bogotá, Teatro Colsubsidio, UR Misi",08/12/25,16:00,08/12/25,16:00,90,Teatro Colsubsidio,Av. El Dorado #25-40,Teusaquillo,Bogotá,4.623108585,-74.07802426,60000,200000,FALSO,No especificada,UR Misi Producciones / Universidad del Rosario,TuBoleta ,https://tuboleta.com/es,
BOG-0077,Realidad Mental en Bogotá,Realidad Mental,Música,Música,Niños ,"Realidad Mental, rap, hip-hop bogotá, concierto, Teatro Jorge Eliécer Gaitán, Bogotá",23/11/25,17:00,23/11/25,17:00,90,Teatro Jorge Eliécer Gaitán,Cra 7 #22-47,Santa Fe,Bogotá,4.608688759,-74.07072737,60000,200000,FALSO,7,Get Down Producciones S.A.S.,TuBoleta ,https://tuboleta.com/es,
BOG-0078,Fonseca Sinfónico 2025 – Bogotá,Fonseca,Música,Música,Niños ,"Fonseca, sinfónico, concierto sinfónico, Bogotá, Teatro Jorge Eliécer Gaitán",25/11/25,20:00,25/11/25,20:00,180,Teatro Jorge Eliécer Gaitán,Cra 7 #22-47,Santa Fe,Bogotá,4.608688759,-74.07072737,60000,200000,FALSO,7,10 Audio S.A.S. / Ticket Fast S.A.S.,TuBoleta ,https://tuboleta.com/es,
BOG-0079,Julieta Venegas 2025 – Bogotá,Julieta Venegas,Música,Música,Niños ,"Julieta Venegas, pop latino, concierto, Bogotá, Teatro Jorge Eliécer Gaitán",27/11/25,18:30,27/11/25,18:30,180,Teatro Jorge Eliécer Gaitán,Cra 7 #22-47,Santa Fe,Bogotá,4.608688759,-74.07072737,100000,650000,FALSO,7,10 Audio S.A.S. / Ticket Fast S.A.S.,TuBoleta ,https://tuboleta.com/es,
BOG-0080,STUDIO GHIBLI Volumen 2 Sinfónico,Matriz Entertainment Colombia,Música,Música,Niños ,"Studio Ghibli, Joe Hisaishi, concierto sinfónico, Bogotá, Teatro Jorge Eliécer Gaitán",28/11/25,18:30,28/11/25,18:30,180,Teatro Jorge Eliécer Gaitán,Cra 7 #22-47,Santa Fe,Bogotá,4.608688759,-74.07072737,100000,650000,FALSO,6,Matriz Entertainment Colombia / Ticket Fast S.A.S.,TuBoleta ,https://tuboleta.com/es,
BOG-0081,Ela Taubert – Preguntas a las 11:11 Tour,Ela Taubert,Música,Música,Niños ,"Ela Taubert, Preguntas a las 11:11, pop latino, concierto, Bogotá, Teatro Jorge Eliécer Gaitán",29/11/25,18:00,29/11/25,18:00,90,Teatro Jorge Eliécer Gaitán,Cra 7 #22-47,Santa Fe,Bogotá,4.608688759,-74.07072737,120000,300000,FALSO,7,Global Talent Services Colombia S.A.S.,TuBoleta ,https://tuboleta.com/es,
BOG-0082,ZAZ – Bogotá 2026,ZAZ,Música,Música,Niños ,"ZAZ, chanson francesa, jazz-pop, concierto, Bogotá, Teatro Jorge Eliécer Gaitán",22/02/26,18:30,22/02/26,18:30,90,Teatro Jorge Eliécer Gaitán,Cra 7 #22-47,Santa Fe,Bogotá,4.608688759,-74.07072737,120000,300000,FALSO,12,Promotora Colombia S.A.S.,TuBoleta ,https://tuboleta.com/es,
BOG-0083,Kraken Sinfónico 2026 – Bogotá,Kraken,Música,Música,Niños ,"Kraken, sinfónico, rock colombiano, orquesta, Bogotá, Teatro Jorge Eliécer Gaitán",08/08/26,18:30,08/08/26,18:30,180,Teatro Jorge Eliécer Gaitán,Cra 7 #22-47,Santa Fe,Bogotá,4.608688759,-74.07072737,100000,650000,FALSO,3,Film Music Orchestra S.A.S. / Ticket Fast S.A.S.,TuBoleta ,https://tuboleta.com/es,
BOG-0084,Pink Floyd – Dark Side Moon Inmersivo,Tributo & experiencia inmersiva Pink Floyd,Música / Experiencia inmersiva,Música / Experiencia inmersiva,Jovenes,"Pink Floyd, Dark Side of the Moon, inmersivo, tributo, Bogotá, Teatro Colón, experiencia visual",13/03/26,19:00,13/03/26,19:00,180,Teatro Colón – Centro Nacional de las Artes Delia Zapata Olivella,Calle 10 #5-32,La Candelaria,Bogotá,4.5966666,-74.0744201,100000,650000,FALSO,12,Promotora Colombia S.A.S.,TuBoleta ,https://tuboleta.com/es,
BOG-0085,El Rey León,Producción del musical El Rey León,Teatro / Musical familiar,Teatro / Musical familiar,Niños ,"El Rey León, musical, familia, Bogotá, Teatro Colón, Disney",06/12/25,15:00,06/12/25,15:00,90,Teatro Colón – Centro Nacional de las Artes Delia Zapata Olivella,Calle 10 #5-32,La Candelaria,Bogotá,4.5966666,-74.0744201,60000,200000,FALSO,3,Producción oficial del musical El Rey León en Bogotá,TuBoleta ,https://tuboleta.com/es,
BOG-0086,El Rey León,Producción del musical El Rey León,Teatro / Musical familiar,Teatro / Musical familiar,Niños ,"El Rey León, musical, familia, Bogotá, Teatro Colón, Disney",07/12/25,11:00,07/12/25,11:00,90,Teatro Colón – Centro Nacional de las Artes Delia Zapata Olivella,Calle 10 #5-32,La Candelaria,Bogotá,4.5966666,-74.0744201,60000,200000,FALSO,3,Producción oficial del musical El Rey León en Bogotá,TuBoleta ,https://tuboleta.com/es,
BOG-0087,Don Quijote,Ballet / Producción Internacional,Teatro / Danza clásica,Teatro / Danza clásica,Niños ,"Don Quijote, ballet clásico, danza, Bogotá, Teatro Colón, Cervantes, Minkus",06/12/25,19:00,06/12/25,19:00,90,Teatro Colón – Centro Nacional de las Artes Delia Zapata Olivella,Calle 10 #5-32,La Candelaria,Bogotá,4.5966666,-74.0744201,60000,200000,FALSO,3,Teatro R101 / Ticket Fast S.A.S.,TuBoleta ,https://tuboleta.com/es,
BOG-0088,Don Quijote,Ballet / Producción Internacional,Teatro / Danza clásica,Teatro / Danza clásica,Niños ,"Don Quijote, ballet clásico, danza, Bogotá, Teatro Colón, Cervantes, Minkus",07/12/25,16:00,07/12/25,16:00,90,Teatro Colón – Centro Nacional de las Artes Delia Zapata Olivella,Calle 10 #5-32,La Candelaria,Bogotá,4.5966666,-74.0744201,60000,200000,FALSO,3,Teatro R101 / Ticket Fast S.A.S.,TuBoleta ,https://tuboleta.com/es,
BOG-0089,Encuentro de Sonidos Electrónicos – Planetario,"Niebla Media Art, Milkorva, Cero39, DJ Jappbeats",Música / Experiencia inmersiva,Música / Experiencia inmersiva,Adultos ,"electrónica, arte digital, inmersivo, Planetario de Bogotá, Bogotá, música electrónica",20/11/25,19:00,20/11/25,19:00,90,Planetario de Bogotá,Calle 26 #59-60,Teusaquillo,Bogotá,4.612112517,-74.06891733,60000,200000,FALSO,18,IDARTES / Planetario de Bogotá,TuBoleta ,https://tuboleta.com/es,
BOG-0090,Fiesta Alicia en el Jardín de las Maravillas,"Niebla Media Art, Santiago Rivas, Surfer Rosa",Música / Experiencia inmersiva,Música / Experiencia inmersiva,Adultos ,"Alicia, experiencia inmersiva, electrónica, Bogotá, Planetario de Bogotá",29/11/25,20:00,29/11/25,20:00,90,Planetario de Bogotá,Calle 26 #59-60,Teusaquillo,Bogotá,4.612112517,-74.06891733,60000,200000,FALSO,18,IDARTES / Planetario de Bogotá,TuBoleta ,https://tuboleta.com/es,
BOG-0091,Encuentro de Sonidos Electrónicos: Circotronika,"Jhongo Beat, C-Tuan, VJ Natalia Vargas, Jade Cast",Música / Festival,Música / Festival,Niños ,"electrónica, Circotronika, música en vivo, Bogotá, Teatro El Ensueño",21/11/25,18:00,21/11/25,18:00,90,Teatro El Ensueño,Tv 70 D #60-90 Sur,Ciudad Bolívar,Bogotá,4.585988405,-74.15866781,60000,200000,FALSO,5,IDARTES / Teatro El Ensueño,TuBoleta ,https://tuboleta.com/es,
BOG-0092,Reverie (Estesis Danza),Compañía Estesis Danza,Teatro / Danza Contemporánea,Teatro / Danza Contemporánea,Niños ,"Reverie, Estesis Danza, danza contemporánea, Bogotá, Teatro El Ensueño",23/11/25,14:00,23/11/25,14:00,90,Teatro El Ensueño,Tv 70 D #60-90 Sur,Ciudad Bolívar,Bogotá,4.585988405,-74.15866781,60000,200000,FALSO,5,IDARTES / Teatro El Ensueño,TuBoleta ,https://tuboleta.com/es,
BOG-0093,María Mulata: Colcha de Retazos,María Mulata,Música / Familiar,Música / Familiar,Familiar,"María Mulata, música infantil, familia, Bogotá, Teatro El Ensueño",30/11/25,14:00,30/11/25,14:00,90,Teatro El Ensueño,Tv 70 D #60-90 Sur,Ciudad Bolívar,Bogotá,4.585988405,-74.15866781,60000,200000,FALSO,No especificada,IDARTES / Teatro El Ensueño,TuBoleta ,https://tuboleta.com/es,
BOG-0094,Vaner Stiv Álvarez – Percusión Sinfónica,Vaner Stiv Álvarez,Música / Clásica,Música / Clásica,Familiar,"percusión sinfónica, marimba, Bogotá, Luis Ángel Arango",20/11/25,18:30,20/11/25,18:30,90,Biblioteca Luis Ángel Arango,Calle 11 #4-14,La Candelaria,Bogotá,4.596834685,-74.07271797,60000,200000,FALSO,No especificada,Ticket Fast S.A.S.,TuBoleta ,https://tuboleta.com/es,
BOG-0095,Alk?ra (14 Nov),Compañía multimedia Alk?ra,Teatro / Experiencia multimedia,Teatro / Experiencia multimedia,Familiar,"Alk?ra, performance multimedia, danza, Bogotá, Teatro El Parque",14/11/25,18:30,14/11/25,18:30,90,Teatro El Parque,Cra 5 #36-05,Chapinero,Bogotá,4.623039559,-74.06369292,60000,200000,FALSO,No especificada,IDARTES / Teatro El Parque,TuBoleta ,https://tuboleta.com/es,
BOG-0096,Los Cachaquitos,Los Cachaquitos,Música / Familiar,Música / Familiar,Familiar,"Los Cachaquitos, música infantil, Bogotá, Teatro El Parque",16/11/25,14:30,16/11/25,14:30,90,Teatro El Parque,Cra 5 #36-05,Chapinero,Bogotá,4.623039559,-74.06369292,60000,200000,FALSO,No especificada,IDARTES / Teatro El Parque,TuBoleta ,https://tuboleta.com/es,
BOG-0097,The Cat Lady,The Cat Lady (Rep. Dominicana),Música / Concierto,Música / Concierto,Familiar,"The Cat Lady, rock alternativo, Bogotá, Teatro El Parque",21/11/25,18:30,21/11/25,18:30,90,Teatro El Parque,Cra 5 #36-05,Chapinero,Bogotá,4.623039559,-74.06369292,60000,200000,FALSO,No especificada,IDARTES / Teatro El Parque,TuBoleta ,https://tuboleta.com/es,
BOG-0098,Alk?ra (4 Dic),Compañía multimedia Alk?ra,Teatro / Experiencia multimedia,Teatro / Experiencia multimedia,Familiar,"Alk?ra, performance multimedia, danza, Bogotá, Teatro El Parque",04/12/25,18:30,04/12/25,18:30,90,Teatro El Parque,Cra 5 #36-05,Chapinero,Bogotá,4.623039559,-74.06369292,60000,200000,FALSO,No especificada,IDARTES / Teatro El Parque,TuBoleta ,https://tuboleta.com/es,
BOG-0099,Charlot y la Fábrica de Chocolates,DanceBog Ballet en Movimiento,Teatro / Familiar,Teatro / Familiar,Familiar,"Charlot, ballet, familia, Bogotá, Teatro El Parque",12/12/25,17:00,12/12/25,17:00,90,Teatro El Parque,Cra 5 #36-05,Chapinero,Bogotá,4.623039559,-74.06369292,60000,200000,FALSO,4,DanceBog Ballet en Movimiento / Ticket Fast S.A.S.,TuBoleta ,https://tuboleta.com/es,
BOG-0100,Charlot y la Fábrica de Chocolates,DanceBog Ballet en Movimiento,Teatro / Familiar,Teatro / Familiar,Familiar,"Charlot, ballet, familia, Bogotá, Teatro El Parque",13/12/25,17:00,13/12/25,17:00,90,Teatro El Parque,Cra 5 #36-05,Chapinero,Bogotá,4.623039559,-74.06369292,60000,200000,FALSO,4,DanceBog Ballet en Movimiento / Ticket Fast S.A.S.,TuBoleta ,https://tuboleta.com/es,
BOG-0101,Charlot y la Fábrica de Chocolates,DanceBog Ballet en Movimiento,Teatro / Familiar,Teatro / Familiar,Familiar,"Charlot, ballet, familia, Bogotá, Teatro El Parque",14/12/25,10:00,14/12/25,10:00,90,Teatro El Parque,Cra 5 #36-05,Chapinero,Bogotá,4.623039559,-74.06369292,60000,200000,FALSO,4,DanceBog Ballet en Movimiento / Ticket Fast S.A.S.,TuBoleta ,https://tuboleta.com/es,
BOG-0102,Piezas Cortas: Ballet y Circo,DanceBog Ballet en Movimiento,Teatro / Danza contemporánea,Teatro / Danza contemporánea,Familiar,"ballet, circo, danza contemporánea, Bogotá, Teatro El Parque",12/12/25,19:00,12/12/25,19:00,90,Teatro El Parque,Cra 5 #36-05,Chapinero,Bogotá,4.623039559,-74.06369292,60000,200000,FALSO,4,DanceBog Ballet en Movimiento / Ticket Fast S.A.S.,TuBoleta ,https://tuboleta.com/es,
BOG-0103,Piezas Cortas: Ballet y Circo,DanceBog Ballet en Movimiento,Teatro / Danza contemporánea,Teatro / Danza contemporánea,Familiar,"ballet, circo, danza contemporánea, Bogotá, Teatro El Parque",13/12/25,19:00,13/12/25,19:00,90,Teatro El Parque,Cra 5 #36-05,Chapinero,Bogotá,4.623039559,-74.06369292,60000,200000,FALSO,4,DanceBog Ballet en Movimiento / Ticket Fast S.A.S.,TuBoleta ,https://tuboleta.com/es,
BOG-0104,Piezas Cortas: Ballet y Circo,DanceBog Ballet en Movimiento,Teatro / Danza contemporánea,Teatro / Danza contemporánea,Familiar,"ballet, circo, danza contemporánea, Bogotá, Teatro El Parque",14/12/25,12:00,14/12/25,12:00,90,Teatro El Parque,Cra 5 #36-05,Chapinero,Bogotá,4.623039559,-74.06369292,60000,200000,FALSO,4,DanceBog Ballet en Movimiento / Ticket Fast S.A.S.,TuBoleta ,https://tuboleta.com/es,
BOG-0105,All We Need Is Love,Elenco de artistas invitados,Música / Tributo,Música / Tributo,Familiar,"tributo, The Beatles, All We Need Is Love, Astor Plaza, Bogotá",03/12/25,20:00,03/12/25,20:00,90,Teatro Astor Plaza,Calle 67 #11-58,Chapinero,Bogotá,4.653341659,-74.06187227,60000,200000,FALSO,No especificada,Ticket Fast S.A.S.,TuBoleta ,https://tuboleta.com/es,
BOG-0106,Naviretro,Varios artistas retro,Música / Festival,Música / Festival,Adultos ,"retro, navidad, música ochentera, Astor Plaza, Bogotá",20/12/25,20:00,20/12/25,20:00,90,Teatro Astor Plaza,Calle 67 #11-58,Chapinero,Bogotá,4.653341659,-74.06187227,60000,200000,FALSO,18,Ticket Fast S.A.S.,TuBoleta ,https://tuboleta.com/es,
BOG-0107,Jon Secada,Jon Secada,Música / Pop Latino,Música / Pop Latino,Adultos ,"Jon Secada, pop latino, baladas, Astor Plaza, Bogotá",14/02/26,19:00,14/02/26,19:00,90,Teatro Astor Plaza,Calle 67 #11-58,Chapinero,Bogotá,4.653341659,-74.06187227,60000,200000,FALSO,18,Grupo Altavista / Ticket Fast S.A.S.,TuBoleta ,https://tuboleta.com/es,
BOG-0108,Concierto Coro Filarmónico Juvenil,Coro Filarmónico Juvenil,Música / Clásica,Música / Clásica,Niños ,"coro, filarmónico, juvenil, Bogotá, Fabio Lozano",14/11/25,19:00,14/11/25,19:00,90,Auditorio Fabio Lozano,Cra 4 #22-61,La Candelaria,Bogotá,4.606193122,-74.06736736,60000,200000,FALSO,5,Ticket Fast S.A.S.,TuBoleta ,https://tuboleta.com/es,
BOG-0109,Orquesta Sinfónica de la Universidad Pedagógica de Colombia,Orquesta Sinfónica de la Universidad Pedagógica de Colombia,Música / Clásica,Música / Clásica,Niños ,"orquesta sinfónica, universidad pedagógica, Bogotá, Fabio Lozano",18/11/25,19:00,18/11/25,19:00,90,Auditorio Fabio Lozano,Cra 4 #22-61,La Candelaria,Bogotá,4.606193122,-74.06736736,60000,200000,FALSO,5,Ticket Fast S.A.S.,TuBoleta ,https://tuboleta.com/es,
BOG-0110,Concierto Libertad: Orquesta Colombo Suiza,Orquesta Colombo Suiza,Música / Clásica,Música / Clásica,Niños ,"orquesta, colombo suiza, música clásica, Bogotá, Fabio Lozano",21/11/25,19:00,21/11/25,19:00,90,Auditorio Fabio Lozano,Cra 4 #22-61,La Candelaria,Bogotá,4.606193122,-74.06736736,60000,200000,FALSO,5,Ticket Fast S.A.S.,TuBoleta ,https://tuboleta.com/es,
BOG-0111,Jumbo Open Bar 2025,Festival de Degustación y Música,Festival / Experiencia,Festival / Experiencia,Adultos ,"Jumbo Open Bar, degustación, festival, bebidas, Chamorro City Hall, Bogotá",06/11/25,18:00,06/11/25,18:00,600,Chamorro City Hall,Norte de Bogotá,Usaquén,Bogotá,4.739976295,-74.04889,60000,200000,FALSO,18,Ditrum S.A.S. / Ticket Fast S.A.S.,TuBoleta ,https://tuboleta.com/es,
BOG-0112,Jumbo Open Bar 2025,Festival de Degustación y Música,Festival / Experiencia,Festival / Experiencia,Adultos ,"Jumbo Open Bar, degustación, festival, bebidas, Chamorro City Hall, Bogotá",07/11/25,18:00,07/11/25,18:00,600,Chamorro City Hall,Norte de Bogotá,Usaquén,Bogotá,4.739976295,-74.04889,60000,200000,FALSO,18,Ditrum S.A.S. / Ticket Fast S.A.S.,TuBoleta ,https://tuboleta.com/es,
BOG-0113,Jumbo Open Bar 2025,Festival de Degustación y Música,Festival / Experiencia,Festival / Experiencia,Adultos ,"Jumbo Open Bar, degustación, festival, bebidas, Chamorro City Hall, Bogotá",08/11/25,18:00,08/11/25,18:00,600,Chamorro City Hall,Norte de Bogotá,Usaquén,Bogotá,4.739976295,-74.04889,60000,200000,FALSO,18,Ditrum S.A.S. / Ticket Fast S.A.S.,TuBoleta ,https://tuboleta.com/es,
BOG-0114,Monster Truck Bogotá 2025,Show Internacional de Monster Trucks,Experiencia / Deporte Extremo,Experiencia / Deporte Extremo,Niños ,"monster truck, freestyle motocross, BMX, show extremo, Movistar Arena, Bogotá",30/11/25,14:00,30/11/25,14:00,180,Movistar Arena,Dg. 61c #26-36,Teusaquillo,Bogotá,4.649331822,-74.0772439,120000,500000,FALSO,2,Show+ S.A.S / Ticket Fast S.A.S.,TuBoleta ,https://tuboleta.com/es,
BOG-0115,Turistren – Bogotá a Zipaquirá (08/11/25),Turistren S.A.,Experiencia / Turismo / Familiar,Experiencia,Familiar,"turistren, tren de la sabana, zipaquira, turismo, experiencia, Bogotá",08/11/25,08:45,08/11/25,08:45,600,Estación de la Sabana,Cl. 13 #18-2 a 18-98,Los Mártires,Bogotá,4.607143913,-74.08341419,80000,90000,FALSO,Todo público,Turistren S.A.,TuBoleta ,https://tuboleta.com/es,
BOG-0116,Turistren – Bogotá a Zipaquirá (09/11/25),Turistren S.A.,Experiencia / Turismo / Familiar,Experiencia,Familiar,"turistren, tren de la sabana, zipaquira, turismo, experiencia, Bogotá",09/11/25,08:45,09/11/25,08:45,600,Estación de la Sabana,Cl. 13 #18-2 a 18-98,Los Mártires,Bogotá,4.607143913,-74.08341419,80000,90000,FALSO,Todo público,Turistren S.A.,TuBoleta ,https://tuboleta.com/es,
BOG-0117,Turistren – Bogotá a Zipaquirá (15/11/25),Turistren S.A.,Experiencia / Turismo / Familiar,Experiencia / Turismo / Familiar,Familiar,"turistren, tren de la sabana, zipaquira, turismo, experiencia, Bogotá",15/11/25,08:45,15/11/25,08:45,600,Estación de la Sabana,Cl. 13 #18-2 a 18-98,Los Mártires,Bogotá,4.607143913,-74.08341419,80000,90000,FALSO,Todo público,Turistren S.A.,TuBoleta ,https://tuboleta.com/es,
BOG-0118,Turistren – Bogotá a Zipaquirá (16/11/25),Turistren S.A.,Experiencia / Turismo / Familiar,Experiencia / Turismo / Familiar,Familiar,"turistren, tren de la sabana, zipaquira, turismo, experiencia, Bogotá",16/11/25,08:45,16/11/25,08:45,600,Estación de la Sabana,Cl. 13 #18-2 a 18-98,Los Mártires,Bogotá,4.607143913,-74.08341419,80000,90000,FALSO,Todo público,Turistren S.A.,TuBoleta ,https://tuboleta.com/es,
BOG-0119,Turistren – Bogotá a Zipaquirá (17/11/25),Turistren S.A.,Experiencia / Turismo / Familiar,Experiencia / Turismo / Familiar,Familiar,"turistren, tren de la sabana, zipaquira, turismo, experiencia, Bogotá",17/11/25,08:45,17/11/25,08:45,600,Estación de la Sabana,Cl. 13 #18-2 a 18-98,Los Mártires,Bogotá,4.607143913,-74.08341419,80000,90000,FALSO,Todo público,Turistren S.A.,TuBoleta ,https://tuboleta.com/es,
BOG-0120,Turistren – Bogotá a Zipaquirá (22/11/25),Turistren S.A.,Experiencia / Turismo / Familiar,Experiencia / Turismo / Familiar,Familiar,"turistren, tren de la sabana, zipaquira, turismo, experiencia, Bogotá",22/11/25,08:45,22/11/25,08:45,600,Estación de la Sabana,Cl. 13 #18-2 a 18-98,Los Mártires,Bogotá,4.607143913,-74.08341419,80000,90000,FALSO,Todo público,Turistren S.A.,TuBoleta ,https://tuboleta.com/es,
BOG-0121,Turistren – Bogotá a Zipaquirá (23/11/25),Turistren S.A.,Experiencia / Turismo / Familiar,Experiencia / Turismo / Familiar,Familiar,"turistren, tren de la sabana, zipaquira, turismo, experiencia, Bogotá",23/11/25,08:45,23/11/25,08:45,600,Estación de la Sabana,Cl. 13 #18-2 a 18-98,Los Mártires,Bogotá,4.607143913,-74.08341419,80000,90000,FALSO,Todo público,Turistren S.A.,TuBoleta ,https://tuboleta.com/es,
BOG-0122,Turistren – Bogotá a Zipaquirá (24/11/25),Turistren S.A.,Experiencia / Turismo / Familiar,Experiencia / Turismo / Familiar,Familiar,"turistren, tren de la sabana, zipaquira, turismo, experiencia, Bogotá",24/11/25,08:45,24/11/25,08:45,600,Estación de la Sabana,Cl. 13 #18-2 a 18-98,Los Mártires,Bogotá,4.607143913,-74.08341419,80000,90000,FALSO,Todo público,Turistren S.A.,TuBoleta ,https://tuboleta.com/es,
BOG-0123,Turistren – Bogotá a Zipaquirá (29/11/25),Turistren S.A.,Experiencia / Turismo / Familiar,Experiencia / Turismo / Familiar,Familiar,"turistren, tren de la sabana, zipaquira, turismo, experiencia, Bogotá",29/11/25,08:45,29/11/25,08:45,600,Estación de la Sabana,Cl. 13 #18-2 a 18-98,Los Mártires,Bogotá,4.607143913,-74.08341419,80000,90000,FALSO,Todo público,Turistren S.A.,TuBoleta ,https://tuboleta.com/es,
BOG-0124,Turistren – Bogotá a Zipaquirá (30/11/25),Turistren S.A.,Experiencia / Turismo / Familiar,Experiencia / Turismo / Familiar,Familiar,"turistren, tren de la sabana, zipaquira, turismo, experiencia, Bogotá",30/11/25,08:45,30/11/25,08:45,600,Estación de la Sabana,Cl. 13 #18-2 a 18-98,Los Mártires,Bogotá,4.607143913,-74.08341419,80000,90000,FALSO,Todo público,Turistren S.A.,TuBoleta ,https://tuboleta.com/es,
BOG-0125,Turistren – Bogotá a Zipaquirá (06/12/25),Turistren S.A.,Experiencia / Turismo / Familiar,Experiencia / Turismo / Familiar,Familiar,"turistren, tren de la sabana, zipaquira, turismo, experiencia, Bogotá",06/12/25,08:45,06/12/25,08:45,600,Estación de la Sabana,Cl. 13 #18-2 a 18-98,Los Mártires,Bogotá,4.607143913,-74.08341419,80000,90000,FALSO,Todo público,Turistren S.A.,TuBoleta ,https://tuboleta.com/es,
BOG-0126,Turistren – Bogotá a Zipaquirá (07/12/25),Turistren S.A.,Experiencia / Turismo / Familiar,Experiencia / Turismo / Familiar,Familiar,"turistren, tren de la sabana, zipaquira, turismo, experiencia, Bogotá",07/12/25,08:45,07/12/25,08:45,600,Estación de la Sabana,Cl. 13 #18-2 a 18-98,Los Mártires,Bogotá,4.607143913,-74.08341419,80000,90000,FALSO,Todo público,Turistren S.A.,TuBoleta ,https://tuboleta.com/es,
BOG-0127,Turistren – Bogotá a Zipaquirá (13/12/25),Turistren S.A.,Experiencia / Turismo / Familiar,Experiencia / Turismo / Familiar,Familiar,"turistren, tren de la sabana, zipaquira, turismo, experiencia, Bogotá",13/12/25,08:45,13/12/25,08:45,600,Estación de la Sabana,Cl. 13 #18-2 a 18-98,Los Mártires,Bogotá,4.607143913,-74.08341419,80000,90000,FALSO,Todo público,Turistren S.A.,TuBoleta ,https://tuboleta.com/es,
BOG-0128,Turistren – Bogotá a Zipaquirá (14/12/25),Turistren S.A.,Experiencia / Turismo / Familiar,Experiencia / Turismo / Familiar,Familiar,"turistren, tren de la sabana, zipaquira, turismo, experiencia, Bogotá",14/12/25,08:45,14/12/25,08:45,600,Estación de la Sabana,Cl. 13 #18-2 a 18-98,Los Mártires,Bogotá,4.607143913,-74.08341419,80000,90000,FALSO,Todo público,Turistren S.A.,TuBoleta ,https://tuboleta.com/es,
BOG-0129,Turistren – Bogotá a Zipaquirá (20/12/25),Turistren S.A.,Experiencia / Turismo / Familiar,Experiencia / Turismo / Familiar,Familiar,"turistren, tren de la sabana, zipaquira, turismo, experiencia, Bogotá",20/12/25,08:45,20/12/25,08:45,600,Estación de la Sabana,Cl. 13 #18-2 a 18-98,Los Mártires,Bogotá,4.607143913,-74.08341419,80000,90000,FALSO,Todo público,Turistren S.A.,TuBoleta ,https://tuboleta.com/es,
BOG-0130,Turistren – Bogotá a Zipaquirá (21/12/25),Turistren S.A.,Experiencia / Turismo / Familiar,Experiencia / Turismo / Familiar,Familiar,"turistren, tren de la sabana, zipaquira, turismo, experiencia, Bogotá",21/12/25,08:45,21/12/25,08:45,600,Estación de la Sabana,Cl. 13 #18-2 a 18-98,Los Mártires,Bogotá,4.607143913,-74.08341419,80000,90000,FALSO,Todo público,Turistren S.A.,TuBoleta ,https://tuboleta.com/es,
BOG-0131,Turistren – Bogotá a Zipaquirá (27/12/25),Turistren S.A.,Experiencia / Turismo / Familiar,Experiencia / Turismo / Familiar,Familiar,"turistren, tren de la sabana, zipaquira, turismo, experiencia, Bogotá",27/12/25,08:45,27/12/25,08:45,600,Estación de la Sabana,Cl. 13 #18-2 a 18-98,Los Mártires,Bogotá,4.607143913,-74.08341419,80000,90000,FALSO,Todo público,Turistren S.A.,TuBoleta ,https://tuboleta.com/es,
BOG-0132,Turistren – Bogotá a Zipaquirá (28/12/25),Turistren S.A.,Experiencia / Turismo / Familiar,Experiencia / Turismo / Familiar,Familiar,"turistren, tren de la sabana, zipaquira, turismo, experiencia, Bogotá",28/12/25,08:45,28/12/25,08:45,600,Estación de la Sabana,Cl. 13 #18-2 a 18-98,Los Mártires,Bogotá,4.607143913,-74.08341419,80000,90000,FALSO,Todo público,Turistren S.A.,TuBoleta ,https://tuboleta.com/es,
BOG-0133,Turistren – Bogotá a Zipaquirá (03/01/26),Turistren S.A.,Experiencia / Turismo / Familiar,Experiencia / Turismo / Familiar,Familiar,"turistren, tren de la sabana, zipaquira, turismo, experiencia, Bogotá",03/01/26,08:45,03/01/26,08:45,600,Estación de la Sabana,Cl. 13 #18-2 a 18-98,Los Mártires,Bogotá,4.607143913,-74.08341419,80000,90000,FALSO,Todo público,Turistren S.A.,TuBoleta ,https://tuboleta.com/es,
BOG-0134,Turistren – Bogotá a Zipaquirá (04/01/26),Turistren S.A.,Experiencia / Turismo / Familiar,Experiencia / Turismo / Familiar,Familiar,"turistren, tren de la sabana, zipaquira, turismo, experiencia, Bogotá",04/01/26,08:45,04/01/26,08:45,600,Estación de la Sabana,Cl. 13 #18-2 a 18-98,Los Mártires,Bogotá,4.607143913,-74.08341419,80000,90000,FALSO,Todo público,Turistren S.A.,TuBoleta ,https://tuboleta.com/es,
BOG-0135,Ed Sheeran – Loop Tour Bogotá,Ed Sheeran,Música,Música,Jovenes,"Ed Sheeran, Loop Tour, pop, Bogotá, Vive Claro, concierto internacional",16/05/26,18:00,16/05/26,18:00,180,Vive Claro / Distrito Cultural,Cra 60 #42-41,Barrios Unidos,Bogotá,4.649460095,-74.0969129,100000,650000,FALSO,12,Move Concerts S.A.S.,Ticketmaster ,https://www.ticketmaster.co/,
BOG-0136,MoneyCon – Festival de Finanzas,Varios ponentes,Experiencia,Experiencia,Familiar,"MoneyCon, finanzas, inversión, educación financiera, Bogotá",18/01/25,09:00,19/01/25,09:00,600,Universidad de los Andes,Cra 1 #18A-10,La Candelaria,Bogotá,4.601454617,-74.06613385,80000,280000,FALSO,Todo público,Mis Propias Finanzas / U. de los Andes,Ticketmaster ,https://www.ticketmaster.co/,
BOG-0137,L’Impératrice – Pulsar Tour 2025,L’Impératrice,Música,Música,Adultos ,"L’Impératrice, Pulsar Tour, pop francés, nu-disco, Bogotá, Royal Center",29/10/25,19:00,29/10/25,19:00,180,Royal Center,Cl. 74 #13-27,Chapinero,Bogotá,4.653028439,-74.06276511,80000,280000,FALSO,18,Promotora Colombia S.A.S.,Ticketmaster ,https://www.ticketmaster.co/,
BOG-0138,Dennis Cruz – Bogotá,Dennis Cruz,Música,Música,Adultos ,"Dennis Cruz, house, tech-house, concierto Bogotá, Chamorro City Hall",28/11/25,18:00,28/11/25,18:00,180,Chamorro City Hall,Auto. Norte #153-81,Bogotá,Bogotá,4.739976295,-74.04889,80000,280000,FALSO,18,Promotora Colombia S.A.S.,Ticketmaster ,https://www.ticketmaster.co/,
BOG-0139,Margarita Siempre Viva – Bogotá,Margarita Siempre Viva,Música,Música,Adultos ,"Margarita Siempre Viva, rock alternativo, shoegaze, Bogotá, Bonfire",06/11/25,19:00,06/11/25,19:00,180,Bonfire,"Cl 63 #15-70, Bogotá",Chapinero,Bogotá,4.650134832,-74.06656397,80000,280000,FALSO,18,Promotora Colombia S.A.S.,Ticketmaster ,https://www.ticketmaster.co/,
BOG-0140,Vino al Parque 2025,Festival de vinos & música,Experiencia,Experiencia,Adultos ,"vino, música en vivo, festival de vinos, Bogotá, Parque Museo El Chicó",28/11/25,12:00,30/11/25,12:00,600,Parque Museo El Chicó,"Ak 7 #93 - 01, Chapinero, Bogotá",Usaquén,Bogotá,4.673674885,-74.0441872,80000,280000,FALSO,18,Vino al Parque / Ticketmaster Colombia,Ticketmaster ,https://www.ticketmaster.co/,
BOG-0141,Esteman & Daniela Spalla – Amorío Tour,Esteman & Daniela Spalla,Música,Música,Niños ,"Esteman, Daniela Spalla, Amorío Tour, pop latino, Bogotá",16/10/25,17:00,16/10/25,17:00,180,Palacio de los Deportes,"Cl 63 #59a-06, Bogotá",Teusaquillo,Bogotá,4.655583544,-74.08424177,80000,280000,FALSO,7,Promotora Colombia S.A.S.,Ticketmaster ,https://www.ticketmaster.co/,
BOG-0142,Mitú – Bogotá,Mitú,Música,Música,Adultos ,"Mitú, electrónica, folclore, The Bonfire, Bogotá",14/11/25,19:00,14/11/25,19:00,180,The Bonfire,"Cl 63 #15-70, Bogotá",Chapinero,Bogotá,4.650134832,-74.06656397,80000,280000,FALSO,18,Promotora Colombia S.A.S.,Ticketmaster ,https://www.ticketmaster.co/,
BOG-0143,Duplat – El Príncipe de Chapinero,Duplat,Música,Música,Adultos ,"Duplat, pop alternativo, El Príncipe de Chapinero, Bogotá",04/12/25,20:00,04/12/25,20:00,90,The Bonfire,"Cl 63 #15-70, Bogotá",Chapinero,Bogotá,4.650134832,-74.06656397,80000,280000,FALSO,18,Promotora Colombia S.A.S.,Ticketmaster ,https://www.ticketmaster.co/,
BOG-0144,Oh’laville – Bogotá,Oh’laville,Música,Música,Adultos ,"Oh’laville, pop colombiano, Bogotá, The Bonfire",26/02/26,19:00,26/02/26,19:00,90,The Bonfire,"Cl 63 #15-70, Bogotá",Chapinero,Bogotá,4.650134832,-74.06656397,80000,280000,FALSO,18,Promotora Colombia S.A.S.,Ticketmaster ,https://www.ticketmaster.co/,
BOG-0145,HUGEL – Bogotá,HUGEL,Música,Música,Adultos ,"HUGEL, electrónica, DJ internacional, Bogotá",07/11/25,18:00,07/11/25,18:00,90,Centro de Eventos Autopista Norte,Auto. Norte #km 19,Usaquén,Bogotá,4.839934614,-74.03134039,80000,280000,FALSO,18,Promotora Colombia S.A.S.,Ticketmaster ,https://www.ticketmaster.co/,
BOG-0146,Festival Unidos por una Sonrisa,Varios artistas,Experiencia,Experiencia,Familiar,"festival, música, carrera, solidario, Bogotá",08/11/25,07:00,08/11/25,07:00,600,Vive Claro Distrito Cultural,"Av. La Esmeralda #42 - 41, Bogotá",Barrios Unidos,Bogotá,4.649460095,-74.0969129,80000,280000,FALSO,Todo público,Fundación Unidos por una Sonrisa,Ticketmaster ,https://www.ticketmaster.co/,
BOG-0147,Ela Minus – Bogotá,Ela Minus,Música,Música,Adultos ,"Ela Minus, electrónica, tech-pop, Bogotá",09/11/25,19:00,09/11/25,19:00,90,The Bonfire,"Cl 63 #15-70, Bogotá",Chapinero,Bogotá,4.650134832,-74.06656397,80000,280000,FALSO,18,Promotora Colombia S.A.S.,Ticketmaster ,https://www.ticketmaster.co/,
BOG-0148,Kei Linch – Bogotá,Kei Linch,Música,Música,Adultos ,"Kei Linch, rap, soul, Bogotá",23/11/25,18:00,23/11/25,18:00,90,Teatro Bonfire,Cra 14 #72,Chapinero,Bogotá,4.650134832,-74.06656397,80000,280000,FALSO,18,Promotora Colombia S.A.S.,Ticketmaster ,https://www.ticketmaster.co/,
BOG-0149,Pierce the Veil – I Can’t Hear You World Tour,Pierce the Veil,Música,Música,Niños ,"Pierce the Veil, emo rock, Bogotá",05/12/25,19:00,05/12/25,19:00,180,Royal Center,Cl. 74 #13-27,Chapinero,Bogotá,4.653028439,-74.06276511,80000,280000,FALSO,7,Livenation LAT,Ticketmaster ,https://www.ticketmaster.co/,
BOG-0150,Damiano David – Bogotá,Damiano David,Música,Música,Adultos ,"Damiano David, rock, Bogotá",13/11/25,19:00,13/11/25,19:00,180,Royal Center,Cl. 74 #13-27,Chapinero,Bogotá,4.653028439,-74.06276511,100000,650000,FALSO,18,Promotora Colombia S.A.S.,Ticketmaster ,https://www.ticketmaster.co/,
BOG-0151,Natalia Natalia – A Mala Hora Tour,Natalia Natalia,Música,Música,Adultos ,"Natalia Natalia, pop, Bogotá",04/11/25,19:00,04/11/25,19:00,180,Cumbia House,"Kr 13 #96-11, Chapinero",Chapinero,Bogotá,4.680689227,-74.04755385,100000,650000,FALSO,18,Matuma Inversiones S.A.S.,Ticketmaster ,https://www.ticketmaster.co/,
BOG-0152,My Chemical Romance – Long Live The Black Parade,My Chemical Romance,Música,Música,Niños ,"My Chemical Romance, rock, Bogotá",22/01/26,15:00,22/01/26,15:00,180,Vive Claro Distrito Cultural,Cra 60 #42-41,Barrios Unidos,Bogotá,4.649460095,-74.0969129,100000,650000,FALSO,7,Ticketmaster Colombia,Ticketmaster ,https://www.ticketmaster.co/,
BOG-0153,Blessd – Siempre Blessd Bogotá,Blessd,Música,Música,Niños ,"Blessd, reggaetón, Bogotá",22/11/25,19:00,22/11/25,19:00,180,Vive Claro Distrito Cultural,Cra 60 #42-41,Barrios Unidos,Bogotá,4.649460095,-74.0969129,100000,650000,FALSO,7,Promotora Colombia S.A.S.,Ticketmaster ,https://www.ticketmaster.co/,
BOG-0154,En Contravía – Auditorio Fabio Lozano,En Contravía,Música,Música,Familiar,"En Contravía, pop, Auditorio Fabio Lozano, Bogotá",08/11/25,19:00,08/11/25,19:00,180,Auditorio Fabio Lozano,Cra 4 #22-61,La Candelaria,Bogotá,4.606193122,-74.06736736,80000,200000,FALSO,No especificada,Tuboleta,Ticketmaster ,https://www.ticketmaster.co/,
BOG-0155,Festival Estéreo Picnic 2026,Varios artistas,Música,Música,Adultos ,"Festival Estéreo Picnic, FEP 2026, rock, pop, electrónica, Bogotá",20/03/26,12:00,22/03/26,12:00,600,Parque Simón Bolívar,Av. Calle 63 #45-10,Teusaquillo,Bogotá,4.657976802,-74.09357616,500000,2000000,FALSO,18,Páramo Presenta / Ocesa Colombia,Ticketmaster ,https://www.ticketmaster.co/,
BOG-0156,Megaland Music Fest 2025,Varios artistas,Música,Música,Jovenes,"Megaland, festival, pop, urbano, Bogotá",30/11/25,12:00,30/11/25,12:00,600,Parque Simón Bolívar,Av. Calle 63 #45-10,Teusaquillo,Bogotá,4.657976802,-74.09357616,500000,2000000,FALSO,14,Radio Tiempo / Claro Música / Ocesa,Ticketmaster ,https://www.ticketmaster.co/,
BOG-0157,The Juanpis Live Show,Juanpis González,Comedia,Comedia,Adultos ,"Juanpis González, stand up, comedia, Bogotá",04/11/25,19:00,04/11/25,19:00,90,Teatro Juan Pablo González Pombo (CC Santafé),Calle 185 #45-03,Usaquén,Bogotá,4.763247622,-74.0458707,70000,200000,FALSO,18,Juanpis Producciones / Ticketmaster,Ticketmaster ,https://www.ticketmaster.co/,
BOG-0158,Exposición Colección de Arte FUGA,Varios artistas,Arte / Exposición,Arte,Familiar,"arte, FUGA, exposición gratuita, Bogotá",23/10/25,18:00,22/11/25,18:00,90,Fundación Gilberto Alzate Avendaño (FUGA),Calle 10 #3-16,La Candelaria,Bogotá,4.59538629,-74.0726531,0,0,VERDADERO,Todo público,FUGA,Ticketmaster ,https://www.ticketmaster.co/,
BOG-0159,Cazzu – Latinaje en Vivo,Cazzu,Música / Concierto,Música,Adultos ,"Cazzu, trap, Latinaje, Bogotá",12/12/25,19:00,12/12/25,19:00,180,Teatro Astor Plaza,Calle 67 #11-58,Chapinero,Bogotá,4.653341659,-74.06187227,100000,650000,FALSO,18,Ticket Fast S.A.S.,Ticketmaster ,https://www.ticketmaster.co/,
BOG-0160,Juguemos en el Bosque – Exposición sobre literatura infantil y juvenil,BibloRed / Biblioteca Nacional,Exposición / Arte literario,Exposición,Familiar,"literatura infantil, literatura juvenil, Bogotá",20/08/25,09:00,16/12/25,09:00,90,Biblioteca Julio Mario Santo Domingo,Calle 170 #67-51,Usaquén,Bogotá,4.5966666,-74.0744201,0,0,VERDADERO,Todo público,BibloRed / Biblioteca Nacional,Ticketmaster ,https://www.ticketmaster.co/,
BOG-0161,Doja Cat – Ma Vie World Tour,Doja Cat,Música / Concierto,Música,Jovenes,"Doja Cat, Ma Vie Tour, pop, Bogotá",15/02/26,18:00,15/02/26,18:00,180,Movistar Arena,Diagonal 61C #26-36,Teusaquillo,Bogotá,4.649331822,-74.0772439,100000,650000,FALSO,12,Tuboleta,Ticketmaster ,https://www.ticketmaster.co/,
BOG-0162,100% Rolos,Varios artistas,Música / Concierto,Música,Jovenes,"100 Rolos, Bogotá, música en vivo",18/12/25,17:00,18/12/25,17:00,180,Movistar Arena,Diagonal 61C #26-36,Teusaquillo,Bogotá,4.649331822,-74.0772439,100000,650000,FALSO,14,Ticket Fast S.A.S.,Ticketmaster ,https://www.ticketmaster.co/,
BOG-0163,Bienal Internacional de Arte y Ciudad BOG25,Varios artistas,Arte / Festival,Arte,Familiar,"Bienal, arte público, Bogotá, gratuito",20/09/25,Todo el día,09/11/25,Todo el día,600,Diversos espacios públicos Bogotá,No Especifica,Varias localidades,Bogotá,4.600742798,-74.06961252,0,0,VERDADERO,Todo público,"Secretaría Distrital de Cultura, Recreación y Deporte",IDRD,https://www.idrd.gov.co/,
BOG-0164,Hip Hop al Parque 2025,Varios artistas,Música / Festival urbano,Música,Jovenes,"hip hop, Bogotá, festival gratuito, Parque Simón Bolívar",23/08/25,Todo el día,24/03/26,Todo el día,600,Parque Metropolitano Simón Bolívar,No Especifica,Teusaquillo,Bogotá,4.657976802,-74.09357616,0,0,VERDADERO,14,"Secretaría de Cultura, Recreación y Deporte",bogota.gov,https://bogota.gov.co/,
BOG-0165,Exposición Colección de Arte FUGA,Varios artistas,Arte / Exposición,Arte,Familiar,"arte moderno colombiano, FUGA, entrada libre, Bogotá",23/10/25,18:00,22/11/25,18:00,600,Fundación Gilberto Alzate Avendaño (FUGA),Calle 10 #3-16,La Candelaria,Bogotá,4.59538629,-74.0726531,0,0,VERDADERO,Todo público,FUGA,bogota.gov,https://bogota.gov.co/,
BOG-0166,Festival de Teatro y Circo de Bogotá 2025,Varios artistas,Teatro / Circo,Teatro,Familiar,"teatro gratuito, circo, Bogotá, actividad cultural",09/08/25,Todo el día,18/11/25,Todo el día,600,Varias localidades Bogotá,No Especifica,Varias localidades,Bogotá,4.659524602,-74.10834544,0,0,VERDADERO,Todo público,"Secretaría de Cultura, Recreación y Deporte",IDRD,https://www.idrd.gov.co/,
BOG-0167,Feria de Regiones – La Candelaria 24 Oct 2025,Emprendedores / artistas locales,Cultura / Feria,Cultura,Familiar,"feria cultural, gratuita, La Candelaria, Bogotá",24/10/25,10:00,24/10/25,10:00,600,Plazoleta de Los Talentos – Alcaldía Local de La Candelaria,Cra 5 #12C-40,La Candelaria,Bogotá,4.600071996,-74.07169435,0,0,VERDADERO,Todo público,Alcaldía Local La Candelaria,bogota.gov,https://bogota.gov.co/,
BOG-0168,Conciertos gratis con la Orquesta Filarmónica de Bogotá,Orquesta Filarmónica de Bogotá,Música / Concierto,Música,Familiar,"filarmónica, concierto gratuito, Bogotá",04/07/25,18:00,05/07/25,18:00,180,"Auditorio León de Greiff, Universidad Nacional","Ave Cra 30 #45a-46, ",Teusaquillo,Bogotá,4.635676359,-74.08233137,0,0,VERDADERO,Todo público,Orquesta Filarmónica de Bogotá / Secretaría de Cultura,bogota.gov,https://bogota.gov.co/,
BOG-0169,Noche de los Museos 2025,Varios artistas,Cultura / Arte,Cultura,Familiar,"museos, gratuito, Bogotá, actividad cultural",08/11/25,Todo el día,08/11/25,Todo el día,600,Museos de Bogotá (50 sedes),No Especifica,Varias localidades,Bogotá,4.634490719,-74.0808421,0,0,VERDADERO,Todo público,Instituto Distrital de Turismo / Secretaría de Cultura,bogota.gov,https://bogota.gov.co/,
BOG-0170,Bienal Internacional de Arte y Ciudad BOG25 (Sede San Francisco),Varios artistas,Arte / Exposición,Arte,Familiar,"Bienal, arte contemporáneo, Bogotá, gratuito",20/09/25,10:00,09/11/25,10:00,600,Palacio San Francisco,Calle 14 #7-83,La Candelaria,Bogotá,4.601940954,-74.07360164,0,0,VERDADERO,Todo público,"Secretaría Distrital de Cultura, Recreación y Deporte",IDRD,https://www.idrd.gov.co/,
BOG-0171,Cine al Barrio en La Perseverancia,Actividad comunitaria,Cine / Cultura,Cine,Familiar,"cine gratuito, Bogotá, La Perseverancia, proyección comunitaria",28/10/25,18:00,28/10/25,18:00,600,"Carrera 4 Bis #32, La Perseverancia",Carrera 4 Bis #32,Santa Fe,Bogotá,4.619131378,-74.06810317,0,0,VERDADERO,Todo público,Fundación Gilberto Alzate Avendaño (FUGA),FUGA,https://www.fuga.gov.co/,
BOG-0172,Laboratorio de Música para Persona Mayor,Actividad comunitaria,Taller / Música,Taller,Adultos ,"música para mayores, Bogotá, gratuito, FUGA",29/10/25,09:00,29/10/25,09:00,180,FONCEP Torre A Piso 2,Cra 6 #14-98 Torre A Piso 2,La Candelaria,Bogotá,4.601339457,-74.0724439,0,0,VERDADERO,Todo público,Fundación Gilberto Alzate Avendaño (FUGA),FUGA,https://www.fuga.gov.co/,
